{"current":{"colors_solid_button_labels":"#433f3f","colors_accent_1":"#f1f1f1","gradient_accent_1":"","colors_accent_2":"#fdcd05","gradient_accent_2":"","colors_text":"#000000","colors_outline_button_labels":"#3e3d3d","colors_background_1":"#ffffff","gradient_background_1":"","colors_background_2":"#ffffff","gradient_background_2":"","type_header_font":"helvetica_n4","heading_scale":100,"type_body_font":"ubuntu_n3","body_scale":110,"page_width":1600,"spacing_sections":52,"spacing_grid_horizontal":28,"spacing_grid_vertical":20,"buttons_border_thickness":1,"buttons_border_opacity":30,"buttons_radius":0,"buttons_shadow_opacity":0,"buttons_shadow_horizontal_offset":-12,"buttons_shadow_vertical_offset":6,"buttons_shadow_blur":5,"variant_pills_border_thickness":0,"variant_pills_border_opacity":0,"variant_pills_radius":40,"variant_pills_shadow_opacity":0,"variant_pills_shadow_horizontal_offset":0,"variant_pills_shadow_vertical_offset":4,"variant_pills_shadow_blur":5,"inputs_border_thickness":0,"inputs_border_opacity":55,"inputs_radius":0,"inputs_shadow_opacity":0,"inputs_shadow_horizontal_offset":0,"inputs_shadow_vertical_offset":4,"inputs_shadow_blur":5,"card_style":"standard","card_image_padding":0,"card_text_alignment":"center","card_color_scheme":"background-2","card_border_thickness":0,"card_border_opacity":10,"card_corner_radius":0,"card_shadow_opacity":0,"card_shadow_horizontal_offset":0,"card_shadow_vertical_offset":4,"card_shadow_blur":5,"text_boxes_border_thickness":0,"text_boxes_border_opacity":15,"text_boxes_radius":0,"text_boxes_shadow_opacity":0,"text_boxes_shadow_horizontal_offset":0,"text_boxes_shadow_vertical_offset":4,"text_boxes_shadow_blur":5,"media_border_thickness":0,"media_border_opacity":0,"media_radius":0,"media_shadow_opacity":0,"media_shadow_horizontal_offset":0,"media_shadow_vertical_offset":40,"media_shadow_blur":5,"popup_border_thickness":0,"popup_border_opacity":0,"popup_corner_radius":0,"popup_shadow_opacity":0,"popup_shadow_horizontal_offset":0,"popup_shadow_vertical_offset":4,"popup_shadow_blur":5,"drawer_border_thickness":0,"drawer_border_opacity":20,"drawer_shadow_opacity":5,"drawer_shadow_horizontal_offset":0,"drawer_shadow_vertical_offset":4,"drawer_shadow_blur":5,"badge_position":"bottom right","badge_corner_radius":40,"sale_badge_color_scheme":"accent-2","sold_out_badge_color_scheme":"background-1","accent_icons":"text","social_twitter_link":"https:\/\/twitter.com\/greatcircleus?lang=en","social_facebook_link":"https:\/\/www.facebook.com\/greatcircleus\/","social_pinterest_link":"","social_instagram_link":"https:\/\/www.instagram.com\/accounts\/login\/?next=\/greatcircleus\/","social_tiktok_link":"https:\/\/www.tiktok.com\/@greatcircleus","social_tumblr_link":"","social_snapchat_link":"","social_youtube_link":"https:\/\/www.youtube.com\/channel\/UC_DczYyK2r1G2sEaosVFS6A\/videos","social_vimeo_link":"","predictive_search_enabled":true,"predictive_search_show_vendor":true,"predictive_search_show_price":true,"favicon":"shopify:\/\/shop_images\/Logo-square_ee77b160-8883-4a71-a1d5-3c43eb130b8d.png","currency_code_enabled":true,"checkout_header_image":"shopify:\/\/shop_images\/16.9-ratio-GCM_370d8e47-84db-4689-9c77-bf2fb18912a9.png","checkout_logo_image":"shopify:\/\/shop_images\/Logo-png.png","checkout_logo_size":"large","checkout_body_background_color":"#f1f1f1","checkout_accent_color":"#4badef","checkout_button_color":"#f28114","sections":{"announcement-bar":{"type":"announcement-bar","blocks":{"announcement-bar-0":{"type":"announcement","settings":{"text":"Free Prime Shipping on select items when you check out via Buy With Prime! LEARN MORE","color_scheme":"accent-2","link":"shopify:\/\/pages\/buy-with-prime-faq"}}},"block_order":["announcement-bar-0"],"settings":{}},"header":{"type":"header","settings":{"color_scheme":"background-1","logo":"shopify:\/\/shop_images\/Logoooo_7831cea7-9bdc-4b28-812d-7f4eb0f9fd4f.png","logo_width":240,"logo_position":"middle-left","menu":"main-menu","menu_type_desktop":"mega","show_line_separator":false,"enable_sticky_header":true,"margin_bottom":0}},"footer":{"type":"footer","blocks":{"footer-0":{"type":"link_list","settings":{"heading":"Brands","menu":"footer"}},"75ed516e-fc97-4efe-af82-7eb133296320":{"type":"link_list","settings":{"heading":"Product Categories","menu":"product-category"}},"footer-1":{"type":"link_list","settings":{"heading":"Support","menu":"company"}},"footer-2":{"type":"text","settings":{"heading":"Commitment Is Our Mission","subtext":"<p>We are committed to ensure that your transactions are satisfied. This means having access to real people that get your questions and concerns answered quickly.<\/p>"}},"d87d90e7-795c-4e77-a706-e34c19267db5":{"type":"link_list","disabled":true,"settings":{"heading":"Follow us! - @GreatCircleUS","menu":"social-media"}}},"block_order":["footer-0","75ed516e-fc97-4efe-af82-7eb133296320","footer-1","footer-2","d87d90e7-795c-4e77-a706-e34c19267db5"],"settings":{"color_scheme":"accent-1","newsletter_enable":true,"newsletter_heading":"Get 10% off your entire order now!","show_social":true,"enable_country_selector":true,"enable_language_selector":true,"payment_enable":true,"margin_top":0,"padding_top":28,"padding_bottom":0}},"main-password-header":{"type":"main-password-header","settings":{"logo_max_width":100,"color_scheme":"background-1"}},"main-password-footer":{"type":"main-password-footer","settings":{"color_scheme":"background-1"}}},"content_for_index":[]},"presets":{"Default":{"colors_solid_button_labels":"#ffffff","colors_accent_1":"#121212","gradient_accent_1":"","colors_accent_2":"#334fb4","gradient_accent_2":"","colors_text":"#121212","colors_outline_button_labels":"#121212","colors_background_1":"#ffffff","gradient_background_1":"","colors_background_2":"#f3f3f3","gradient_background_2":"","type_header_font":"assistant_n4","heading_scale":100,"type_body_font":"assistant_n4","body_scale":100,"page_width":1200,"spacing_sections":0,"spacing_grid_horizontal":8,"spacing_grid_vertical":8,"buttons_border_thickness":1,"buttons_border_opacity":100,"buttons_radius":0,"buttons_shadow_opacity":0,"buttons_shadow_horizontal_offset":0,"buttons_shadow_vertical_offset":4,"buttons_shadow_blur":5,"variant_pills_border_thickness":1,"variant_pills_border_opacity":55,"variant_pills_radius":40,"variant_pills_shadow_opacity":0,"variant_pills_shadow_horizontal_offset":0,"variant_pills_shadow_vertical_offset":4,"variant_pills_shadow_blur":5,"inputs_border_thickness":1,"inputs_border_opacity":55,"inputs_radius":0,"inputs_shadow_opacity":0,"inputs_shadow_horizontal_offset":0,"inputs_shadow_vertical_offset":4,"inputs_shadow_blur":5,"card_style":"standard","card_image_padding":0,"card_text_alignment":"left","card_color_scheme":"background-2","card_border_thickness":0,"card_border_opacity":10,"card_corner_radius":0,"card_shadow_opacity":0,"card_shadow_horizontal_offset":0,"card_shadow_vertical_offset":4,"card_shadow_blur":5,"text_boxes_border_thickness":0,"text_boxes_border_opacity":10,"text_boxes_radius":0,"text_boxes_shadow_opacity":0,"text_boxes_shadow_horizontal_offset":0,"text_boxes_shadow_vertical_offset":4,"text_boxes_shadow_blur":5,"media_border_thickness":1,"media_border_opacity":5,"media_radius":0,"media_shadow_opacity":0,"media_shadow_horizontal_offset":0,"media_shadow_vertical_offset":4,"media_shadow_blur":5,"popup_border_thickness":1,"popup_border_opacity":10,"popup_corner_radius":0,"popup_shadow_opacity":0,"popup_shadow_horizontal_offset":0,"popup_shadow_vertical_offset":4,"popup_shadow_blur":5,"drawer_border_thickness":1,"drawer_border_opacity":10,"drawer_shadow_opacity":0,"drawer_shadow_horizontal_offset":0,"drawer_shadow_vertical_offset":4,"drawer_shadow_blur":5,"badge_position":"bottom left","badge_corner_radius":40,"sale_badge_color_scheme":"accent-2","sold_out_badge_color_scheme":"inverse","accent_icons":"text","social_twitter_link":"","social_facebook_link":"","social_pinterest_link":"","social_instagram_link":"","social_tiktok_link":"","social_tumblr_link":"","social_snapchat_link":"","social_youtube_link":"","social_vimeo_link":"","predictive_search_enabled":true,"predictive_search_show_vendor":false,"predictive_search_show_price":false,"currency_code_enabled":true,"sections":{"announcement-bar":{"type":"announcement-bar","blocks":{"announcement-bar-0":{"type":"announcement","settings":{"text":"Welcome to our store","color_scheme":"background-1","link":""}}},"block_order":["announcement-bar-0"],"settings":{}},"header":{"type":"header","settings":{"color_scheme":"background-1","logo_width":90,"logo_position":"middle-left","menu":"main-menu","show_line_separator":true,"enable_sticky_header":true,"margin_bottom":0}},"footer":{"type":"footer","blocks":{"footer-0":{"type":"link_list","settings":{"heading":"Quick links","menu":"footer"}},"footer-1":{"type":"link_list","settings":{"heading":"Info","menu":"footer"}},"footer-2":{"type":"text","settings":{"heading":"Our mission","subtext":"<p>Share contact information, store details, and brand content with your customers.<\/p>"}}},"block_order":["footer-0","footer-1","footer-2"],"settings":{"color_scheme":"background-1","newsletter_enable":true,"newsletter_heading":"Subscribe to our emails","show_social":true,"enable_country_selector":false,"enable_language_selector":false,"payment_enable":true,"margin_top":48,"padding_top":36,"padding_bottom":36}},"main-password-header":{"type":"main-password-header","settings":{"logo_max_width":100,"color_scheme":"background-1"}},"main-password-footer":{"type":"main-password-footer","settings":{"color_scheme":"background-1"}}}}}}