{"sections":{"banner":{"type":"main-collection-banner","settings":{"show_collection_description":false,"show_collection_image":true,"color_scheme":"accent-1"}},"product-grid":{"type":"main-collection-product-grid","settings":{"products_per_page":8,"columns_desktop":3,"image_ratio":"adapt","show_secondary_image":true,"show_vendor":false,"show_rating":false,"enable_quick_add":false,"enable_filtering":true,"filter_type":"vertical","enable_sorting":true,"columns_mobile":"1","padding_top":16,"padding_bottom":16}}},"order":["banner","product-grid"]}