{"sections":{"1654814187027a9be7":{"type":"slideshow","blocks":{"165481418712293657-0":{"type":"slide","settings":{"image":"shopify:\/\/shop_images\/BWP-1920.jpg","heading":"","heading_size":"h1","subheading":"","button_label":"","link":"shopify:\/\/collections\/buy-with-prime","button_style_secondary":true,"box_align":"middle-center","show_text_box":false,"text_alignment":"center","image_overlay_opacity":0,"color_scheme":"accent-1","text_alignment_mobile":"center"}},"165481418712293657-1":{"type":"slide","settings":{"image":"shopify:\/\/shop_images\/B2B-1920.png","heading":"","heading_size":"h1","subheading":"","button_label":"","link":"shopify:\/\/collections\/superhandy","button_style_secondary":false,"box_align":"middle-center","show_text_box":false,"text_alignment":"center","image_overlay_opacity":0,"color_scheme":"background-1","text_alignment_mobile":"center"}},"5e2da782-e76a-4e05-82dc-feb094000771":{"type":"slide","disabled":true,"settings":{"image":"shopify:\/\/shop_images\/Foggersss.png","heading":"","heading_size":"h1","subheading":"","button_label":"","link":"shopify:\/\/collections\/foggers","button_style_secondary":false,"box_align":"middle-center","show_text_box":false,"text_alignment":"center","image_overlay_opacity":0,"color_scheme":"background-1","text_alignment_mobile":"center"}}},"block_order":["165481418712293657-0","165481418712293657-1","5e2da782-e76a-4e05-82dc-feb094000771"],"settings":{"layout":"full_bleed","slide_height":"adapt_image","slider_visual":"dots","auto_rotate":false,"change_slides_speed":5,"show_text_below":false,"accessibility_info":"Slideshow about our brand"}},"rich_text":{"type":"rich-text","blocks":{"heading":{"type":"heading","settings":{"heading":"Great Circle U.S.","heading_size":"h2"}},"text":{"type":"text","settings":{"text":"<p>We are <a href=\"\/collections\/all\" target=\"_blank\" title=\"All\">Great Circle Machinery<\/a> an authorized dealer of SuperHandy, Alphaworks, Goodyear, Fuelworks, Reelworks, Lubeworks, and Kitchener.<\/p>"}}},"block_order":["heading","text"],"settings":{"color_scheme":"background-2","full_width":true,"padding_top":0,"padding_bottom":0}},"1654820073daf2c401":{"type":"collection-list","blocks":{"1654820073f3e8dac5-0":{"type":"featured_collection","settings":{"collection":"superhandy"}},"1654820073f3e8dac5-1":{"type":"featured_collection","settings":{"collection":"alphaworks"}},"1654820073f3e8dac5-2":{"type":"featured_collection","settings":{"collection":"superhandy-wholesale"}},"f3d56abe-14cc-4fcf-9fd5-a05813b29d6e":{"type":"featured_collection","settings":{"collection":"buy-with-prime"}}},"block_order":["1654820073f3e8dac5-0","1654820073f3e8dac5-1","1654820073f3e8dac5-2","f3d56abe-14cc-4fcf-9fd5-a05813b29d6e"],"settings":{"title":"Featured Collections","heading_size":"h2","image_ratio":"adapt","columns_desktop":4,"color_scheme":"background-1","show_view_all":false,"columns_mobile":"1","swipe_on_mobile":true,"padding_top":0,"padding_bottom":0}},"featured_collection":{"type":"featured-collection","settings":{"title":"Featured Products","heading_size":"h2","description":"","show_description":false,"description_style":"body","collection":"superhnady","products_to_show":5,"columns_desktop":5,"full_width":false,"show_view_all":false,"view_all_style":"solid","enable_desktop_slider":false,"color_scheme":"background-1","image_ratio":"adapt","show_secondary_image":true,"show_vendor":false,"show_rating":false,"enable_quick_add":false,"columns_mobile":"1","swipe_on_mobile":true,"padding_top":4,"padding_bottom":0}},"1654801760f0ac23bb":{"type":"featured-collection","settings":{"title":"Featured Clearance","heading_size":"h2","description":"","show_description":false,"description_style":"body","collection":"buy-with-prime","products_to_show":5,"columns_desktop":5,"full_width":false,"show_view_all":true,"view_all_style":"link","enable_desktop_slider":false,"color_scheme":"background-1","image_ratio":"adapt","show_secondary_image":true,"show_vendor":false,"show_rating":false,"enable_quick_add":true,"columns_mobile":"1","swipe_on_mobile":true,"padding_top":4,"padding_bottom":0}},"video":{"type":"video","settings":{"heading":"","heading_size":"h1","cover_image":"shopify:\/\/shop_images\/Scooter_690fdee1-e7d5-412e-8922-d77c8a706860.jpg","video_url":"https:\/\/www.youtube.com\/watch?v=ryqSe9ZLVPc","description":"","full_width":false,"color_scheme":"background-1","padding_top":56,"padding_bottom":56}},"multicolumn":{"type":"multicolumn","blocks":{"column3":{"type":"column","settings":{"image":"shopify:\/\/shop_images\/BWP-logo.png","title":"Buy With Prime","text":"<p>Is available now with Free Prime Shipping.<\/p><p><\/p>","link_label":"","link":""}},"column2":{"type":"column","settings":{"image":"shopify:\/\/shop_images\/Q.png","title":"Quality Products","text":"<p>Have peace of mind knowing that your order will arrive with factory sealed packaging.<\/p>","link_label":"","link":""}},"column1":{"type":"column","settings":{"image":"shopify:\/\/shop_images\/commitment.png","title":"Commitment","text":"<p>We are committed to ensure that your transactions are satisfied.<\/p>","link_label":"","link":""}}},"block_order":["column3","column2","column1"],"settings":{"title":"","heading_size":"h2","image_width":"third","image_ratio":"adapt","columns_desktop":3,"column_alignment":"center","background_style":"none","button_label":"","button_link":"","color_scheme":"background-1","columns_mobile":"1","swipe_on_mobile":false,"padding_top":0,"padding_bottom":0}},"1654801653603845b9":{"type":"collection-list","blocks":{"1654801653aa50fb42-0":{"type":"featured_collection","settings":{"collection":"superhnady"}},"1654801653aa50fb42-1":{"type":"featured_collection","settings":{"collection":"superhnady"}},"1654801653aa50fb42-2":{"type":"featured_collection","settings":{"collection":"superhnady"}},"21e79b62-1191-4a8f-bdd0-07bda1f9191f":{"type":"featured_collection","settings":{"collection":"superhnady"}},"21cc1287-afa6-440d-bdd8-f44b7ed704f4":{"type":"featured_collection","settings":{"collection":"superhnady"}}},"block_order":["1654801653aa50fb42-0","1654801653aa50fb42-1","1654801653aa50fb42-2","21e79b62-1191-4a8f-bdd0-07bda1f9191f","21cc1287-afa6-440d-bdd8-f44b7ed704f4"],"settings":{"title":"Featured Brands","heading_size":"h2","image_ratio":"square","columns_desktop":5,"color_scheme":"background-1","show_view_all":false,"columns_mobile":"1","swipe_on_mobile":true,"padding_top":0,"padding_bottom":0}},"165482159105513cc9":{"type":"collection-list","blocks":{"165482159095d28f65-0":{"type":"featured_collection","settings":{"collection":"superhandy-wholesale"}},"165482159095d28f65-1":{"type":"featured_collection","settings":{"collection":"buy-with-prime"}}},"block_order":["165482159095d28f65-0","165482159095d28f65-1"],"settings":{"title":"New Released","heading_size":"h2","image_ratio":"adapt","columns_desktop":2,"color_scheme":"background-1","show_view_all":false,"columns_mobile":"1","swipe_on_mobile":false,"padding_top":0,"padding_bottom":0}},"1655512293f35381d2":{"type":"newsletter","blocks":{"1655512293bea27644-0":{"type":"heading","settings":{"heading":"Top Deals,10% Off, and More","heading_size":"h2"}},"1655512293bea27644-1":{"type":"paragraph","settings":{"text":"<p>Be the first to know about new collections and exclusive offers.<\/p>"}},"1655512293bea27644-2":{"type":"email_form","settings":{}}},"block_order":["1655512293bea27644-0","1655512293bea27644-1","1655512293bea27644-2"],"settings":{"color_scheme":"background-2","full_width":true,"padding_top":20,"padding_bottom":8}}},"order":["1654814187027a9be7","rich_text","1654820073daf2c401","featured_collection","1654801760f0ac23bb","video","multicolumn","1654801653603845b9","165482159105513cc9","1655512293f35381d2"]}