{"sections":{"main":{"type":"main-page","settings":{"padding_top":20,"padding_bottom":16}},"1654801009dffb6bde":{"type":"collection-list","disabled":true,"blocks":{"1654801009f55796f2-0":{"type":"featured_collection","settings":{"collection":"buy-with-prime"}},"1654801009f55796f2-1":{"type":"featured_collection","settings":{"collection":"clearance"}},"1654801009f55796f2-2":{"type":"featured_collection","settings":{"collection":"foggers"}},"5cee24a1-75f3-4967-9a7d-e8f056fe20f8":{"type":"featured_collection","settings":{"collection":"best-sellers"}},"d93b1020-0fea-439c-9645-b4f121466310":{"type":"featured_collection","settings":{"collection":"dodt"}}},"block_order":["1654801009f55796f2-0","1654801009f55796f2-1","1654801009f55796f2-2","5cee24a1-75f3-4967-9a7d-e8f056fe20f8","d93b1020-0fea-439c-9645-b4f121466310"],"settings":{"title":"Check Our New Released","heading_size":"h2","image_ratio":"adapt","columns_desktop":5,"color_scheme":"background-1","show_view_all":false,"columns_mobile":"1","swipe_on_mobile":true,"padding_top":0,"padding_bottom":0}},"1654904803501f4170":{"type":"rich-text","blocks":{"1654904803508043f4-0":{"type":"heading","settings":{"heading":"Don't Miss to Subscrib & Get 10% off","heading_size":"h2"}},"1654904803508043f4-1":{"type":"text","disabled":true,"settings":{"text":"<p>Share information about your brand with your customers. Describe a product, make announcements, or welcome customers to your store.<\/p>"}},"1654904803508043f4-2":{"type":"button","settings":{"button_label":"Enter Email","button_link":"https:\/\/greatcircleus.wufoo.com\/forms\/p1obe3bg05qv6k7\/","button_style_secondary":false}}},"block_order":["1654904803508043f4-0","1654904803508043f4-1","1654904803508043f4-2"],"settings":{"color_scheme":"background-1","full_width":true,"padding_top":12,"padding_bottom":20}}},"order":["main","1654801009dffb6bde","1654904803501f4170"]}