{"sections":{"main":{"type":"main-page","settings":{"padding_top":0,"padding_bottom":16}},"16553238139e6bc8bd":{"type":"collage","disabled":true,"blocks":{"1655323813022a763e-0":{"type":"video","settings":{"cover_image":"shopify:\/\/shop_images\/Prime-banner_d3d32782-acc6-4c42-bfde-7214abcffd21.png","video_url":"https:\/\/www.youtube.com\/watch?v=ryqSe9ZLVPc","description":"Describe the video","image_padding":false}},"1655323813022a763e-1":{"type":"product","settings":{"product":"superhandy-handheld-electrostatic-bug-sprayer-disinfectant-fogger","second_image":true}},"1655323813022a763e-2":{"type":"collection","settings":{"collection":"buy-with-prime"}}},"block_order":["1655323813022a763e-0","1655323813022a763e-1","1655323813022a763e-2"],"settings":{"heading":"Video","heading_size":"h2","desktop_layout":"left","mobile_layout":"collage","color_scheme":"background-1","padding_top":36,"padding_bottom":36}},"165532435221c74f1f":{"type":"image-with-text","blocks":{"16553243526ed00a0f-0":{"type":"heading","settings":{"heading":"Image with text","heading_size":"h1"}},"16553243526ed00a0f-1":{"type":"text","settings":{"text":"<p>Pair text with an image to focus on your chosen product, collection, or blog post. Add details on availability, style, or even provide a review.<\/p>","text_style":"body"}},"16553243526ed00a0f-2":{"type":"button","settings":{"button_label":"Button label","button_link":""}}},"block_order":["16553243526ed00a0f-0","16553243526ed00a0f-1","16553243526ed00a0f-2"],"settings":{"image":"shopify:\/\/shop_images\/16.9-ratio-GCM.png","height":"small","desktop_image_width":"medium","layout":"image_first","desktop_content_position":"middle","desktop_content_alignment":"center","content_layout":"no-overlap","color_scheme":"accent-1","mobile_content_alignment":"left","padding_top":36,"padding_bottom":36}},"1654904803501f4170":{"type":"rich-text","blocks":{"1654904803508043f4-0":{"type":"heading","settings":{"heading":"Don't Miss to Subscrib & Get 10% off","heading_size":"h2"}},"1654904803508043f4-1":{"type":"text","disabled":true,"settings":{"text":"<p>Share information about your brand with your customers. Describe a product, make announcements, or welcome customers to your store.<\/p>"}},"1654904803508043f4-2":{"type":"button","settings":{"button_label":"Enter Email","button_link":"https:\/\/greatcircleus.wufoo.com\/forms\/p1obe3bg05qv6k7\/","button_style_secondary":false}}},"block_order":["1654904803508043f4-0","1654904803508043f4-1","1654904803508043f4-2"],"settings":{"color_scheme":"background-1","full_width":true,"padding_top":20,"padding_bottom":20}}},"order":["main","16553238139e6bc8bd","165532435221c74f1f","1654904803501f4170"]}