{"sections":{"main":{"type":"main-product","blocks":{"vendor":{"type":"text","settings":{"text":"{{ product.vendor }}","text_style":"uppercase"}},"title":{"type":"title","settings":{}},"caption":{"type":"text","settings":{"text":"{{ product.metafields.descriptors.subtitle.value }}","text_style":"body"}},"price":{"type":"price","settings":{}},"variant_picker":{"type":"variant_picker","settings":{"picker_type":"dropdown"}},"quantity_selector":{"type":"quantity_selector","settings":{}},"buy_buttons":{"type":"buy_buttons","settings":{"show_dynamic_checkout":true}},"description":{"type":"description","settings":{}},"collapsible-row-0":{"type":"collapsible_tab","settings":{"heading":"FAQ","icon":"question_mark","content":"","page":"customer-questions-answers"}},"collapsible-row-1":{"type":"collapsible_tab","settings":{"heading":"Buy With Prime","icon":"truck","content":"","page":"buy-with-prime"}},"collapsible-row-2":{"type":"collapsible_tab","settings":{"heading":"Dimensions","icon":"ruler","content":"","page":""}},"collapsible-row-3":{"type":"collapsible_tab","settings":{"heading":"Manual","icon":"clipboard","content":"","page":""}},"share":{"type":"share","settings":{"share_label":"Share"}},"d055ffaa-9fdb-4d45-b2f8-f45ad337aa11":{"type":"collapsible_tab","settings":{"heading":"Return Policy","icon":"return","content":"","page":"return"}}},"block_order":["vendor","title","caption","price","variant_picker","quantity_selector","buy_buttons","description","collapsible-row-0","collapsible-row-1","collapsible-row-2","collapsible-row-3","share","d055ffaa-9fdb-4d45-b2f8-f45ad337aa11"],"settings":{"enable_sticky_info":true,"gallery_layout":"thumbnail_slider","media_size":"small","mobile_thumbnails":"hide","hide_variants":true,"enable_video_looping":true,"padding_top":4,"padding_bottom":56}},"product-recommendations":{"type":"product-recommendations","disabled":true,"settings":{"heading":"You may also like","heading_size":"h2","products_to_show":4,"columns_desktop":4,"color_scheme":"background-1","image_ratio":"square","show_secondary_image":true,"show_vendor":false,"show_rating":false,"columns_mobile":"2","padding_top":36,"padding_bottom":28}},"1654905851431add59":{"type":"multicolumn","blocks":{"1654905851ab304fca-0":{"type":"column","settings":{"image":"shopify:\/\/shop_images\/prime-small.png","title":"Buy With Prime","text":"<p>Is available now with Free Prime Shipping.<\/p><p><\/p>","link_label":"","link":""}},"1654905851ab304fca-1":{"type":"column","settings":{"image":"shopify:\/\/shop_images\/Q.png","title":"Quality Products","text":"<p>Have peace of mind knowing that your order will arrive with factory sealed packaging.<\/p>","link_label":"","link":""}},"1654905851ab304fca-2":{"type":"column","settings":{"image":"shopify:\/\/shop_images\/commitment.png","title":"Commitment","text":"<p>We are committed to ensure that your transactions are satisfied.<\/p>","link_label":"","link":""}}},"block_order":["1654905851ab304fca-0","1654905851ab304fca-1","1654905851ab304fca-2"],"settings":{"title":"","heading_size":"h2","image_width":"third","image_ratio":"adapt","columns_desktop":3,"column_alignment":"center","background_style":"none","button_label":"","button_link":"","color_scheme":"background-1","columns_mobile":"1","swipe_on_mobile":false,"padding_top":64,"padding_bottom":64}},"165490546952fc52c5":{"type":"rich-text","blocks":{"1654905469fc179e4a-0":{"type":"heading","settings":{"heading":"Don't Miss to Subscrib & Get 10% off","heading_size":"h2"}},"1654905469fc179e4a-1":{"type":"text","disabled":true,"settings":{"text":"<p>Enter Email<\/p>"}},"1654905469fc179e4a-2":{"type":"button","settings":{"button_label":"Enter Email","button_link":"https:\/\/greatcircleus.wufoo.com\/forms\/p1obe3bg05qv6k7\/","button_style_secondary":false}}},"block_order":["1654905469fc179e4a-0","1654905469fc179e4a-1","1654905469fc179e4a-2"],"settings":{"color_scheme":"background-1","full_width":true,"padding_top":20,"padding_bottom":20}},"1655222353c1eda920":{"type":"featured-collection","settings":{"title":"Best Sellers","heading_size":"h2","description":"","show_description":false,"description_style":"body","collection":"best-sellers","products_to_show":5,"columns_desktop":5,"full_width":true,"show_view_all":false,"view_all_style":"solid","enable_desktop_slider":false,"color_scheme":"background-1","image_ratio":"adapt","show_secondary_image":true,"show_vendor":false,"show_rating":false,"enable_quick_add":false,"columns_mobile":"1","swipe_on_mobile":true,"padding_top":36,"padding_bottom":36}}},"order":["main","product-recommendations","1654905851431add59","165490546952fc52c5","1655222353c1eda920"]}